0.qr20flqgvap,2025-02-09 13:22,2025-02-09 15:22
0.iiv751i4vd8,2025-02-09 13:22,2025-02-09 15:22
0.iiv751i4vd8,2025-02-09 13:22,2025-02-09 15:22
0.iiv751i4vd8,2025-02-09 13:22,2025-02-09 15:22
0.iiv751i4vd8,2025-02-09 13:22,2025-02-09 15:22
0.iiv751i4vd8,2025-02-09 13:22,2025-02-09 15:22
0.iiv751i4vd8,2025-02-09 13:22,2025-02-09 15:22
0.iiv751i4vd8,2025-02-09 13:22,2025-02-09 15:22
0.iiv751i4vd8,2025-02-09 13:22,2025-02-09 15:22
0.iiv751i4vd8,2025-02-09 13:22,2025-02-09 15:22
0.iiv751i4vd8,2025-02-09 13:22,2025-02-09 15:22
0.iiv751i4vd8,2025-02-09 13:22,2025-02-09 15:22
0.iiv751i4vd8,2025-02-09 13:22,2025-02-09 15:22
0.iiv751i4vd8,2025-02-09 13:22,2025-02-09 15:22
0.iiv751i4vd8,2025-02-09 13:22,2025-02-09 15:22
0.iiv751i4vd8,2025-02-09 13:22,2025-02-09 15:22
0.iiv751i4vd8,2025-02-09 13:22,2025-02-09 15:22
0.iiv751i4vd8,2025-02-09 13:22,2025-02-09 15:22
0.iiv751i4vd8,2025-02-09 13:22,2025-02-09 15:22
0.iiv751i4vd8,2025-02-09 13:22,2025-02-09 15:22
0.iiv751i4vd8,2025-02-09 13:22,2025-02-09 15:22
0.iiv751i4vd8,2025-02-09 13:22,2025-02-09 15:22
0.iiv751i4vd8,2025-02-09 13:22,2025-02-09 15:22
0.iiv751i4vd8,2025-02-09 13:22,2025-02-09 15:22
0.iiv751i4vd8,2025-02-09 13:22,2025-02-09 15:22
0.iiv751i4vd8,2025-02-09 13:22,2025-02-09 15:22
0.iiv751i4vd8,2025-02-09 13:22,2025-02-09 15:22
0.iiv751i4vd8,2025-02-09 13:22,2025-02-09 15:22
0.iiv751i4vd8,2025-02-09 13:22,2025-02-09 15:22
0.iiv751i4vd8,2025-02-09 13:22,2025-02-09 15:22
0.iiv751i4vd8,2025-02-09 13:22,2025-02-09 15:22
0.iiv751i4vd8,2025-02-09 13:22,2025-02-09 15:22
0.iiv751i4vd8,2025-02-09 13:22,2025-02-09 15:22
0.iiv751i4vd8,2025-02-09 13:22,2025-02-09 15:22
0.iiv751i4vd8,2025-02-09 13:22,2025-02-09 15:22
0.iiv751i4vd8,2025-02-09 13:22,2025-02-09 15:22
0.iiv751i4vd8,2025-02-09 13:22,2025-02-09 15:22
0.iiv751i4vd8,2025-02-09 13:22,2025-02-09 15:22
0.iiv751i4vd8,2025-02-09 13:22,2025-02-09 15:22
0.iiv751i4vd8,2025-02-09 13:22,2025-02-09 15:22
0.iiv751i4vd8,2025-02-09 13:22,2025-02-09 15:22
0.iiv751i4vd8,2025-02-09 13:22,2025-02-09 15:22
0.iiv751i4vd8,2025-02-09 13:22,2025-02-09 15:22
0.iiv751i4vd8,2025-02-09 13:22,2025-02-09 15:22
0.iiv751i4vd8,2025-02-09 13:22,2025-02-09 15:22
0.iiv751i4vd8,2025-02-09 13:22,2025-02-09 15:22
0.iiv751i4vd8,2025-02-09 13:22,2025-02-09 15:22
0.iiv751i4vd8,2025-02-09 13:22,2025-02-09 15:22
0.iiv751i4vd8,2025-02-09 13:22,2025-02-09 15:22
0.iiv751i4vd8,2025-02-09 13:22,2025-02-09 15:22
0.iiv751i4vd8,2025-02-09 13:22,2025-02-09 15:22
0.iiv751i4vd8,2025-02-09 13:22,2025-02-09 15:22
0.iiv751i4vd8,2025-02-09 13:22,2025-02-09 15:22
0.iiv751i4vd8,2025-02-09 13:22,2025-02-09 15:22
0.iiv751i4vd8,2025-02-09 13:22,2025-02-09 15:22
0.iiv751i4vd8,2025-02-09 13:22,2025-02-09 15:22
0.iiv751i4vd8,2025-02-09 13:22,2025-02-09 15:22
0.iiv751i4vd8,2025-02-09 13:22,2025-02-09 15:22
0.iiv751i4vd8,2025-02-09 13:22,2025-02-09 15:22
0.iiv751i4vd8,2025-02-09 13:22,2025-02-09 15:22
0.iiv751i4vd8,2025-02-09 13:22,2025-02-09 15:22
0.iiv751i4vd8,2025-02-09 13:22,2025-02-09 15:22
0.iiv751i4vd8,2025-02-09 13:22,2025-02-09 15:22
0.iiv751i4vd8,2025-02-09 13:22,2025-02-09 15:22
0.iiv751i4vd8,2025-02-09 13:22,2025-02-09 15:22
0.iiv751i4vd8,2025-02-09 13:22,2025-02-09 15:22
0.iiv751i4vd8,2025-02-09 13:22,2025-02-09 15:22
0.iiv751i4vd8,2025-02-09 13:22,2025-02-09 15:22
0.iiv751i4vd8,2025-02-09 13:22,2025-02-09 15:22
0.iiv751i4vd8,2025-02-09 13:22,2025-02-09 15:22
0.iiv751i4vd8,2025-02-09 13:22,2025-02-09 15:22
0.iiv751i4vd8,2025-02-09 13:22,2025-02-09 15:22
0.iiv751i4vd8,2025-02-09 13:22,2025-02-09 15:22
0.iiv751i4vd8,2025-02-09 13:22,2025-02-09 15:22
0.iiv751i4vd8,2025-02-09 13:22,2025-02-09 15:22
0.iiv751i4vd8,2025-02-09 13:22,2025-02-09 15:22
0.iiv751i4vd8,2025-02-09 13:22,2025-02-09 15:22
0.iiv751i4vd8,2025-02-09 13:22,2025-02-09 15:22
0.iiv751i4vd8,2025-02-09 13:22,2025-02-09 15:22
0.iiv751i4vd8,2025-02-09 13:22,2025-02-09 15:22
0.iiv751i4vd8,2025-02-09 13:22,2025-02-09 15:22
0.iiv751i4vd8,2025-02-09 13:22,2025-02-09 15:22
0.iiv751i4vd8,2025-02-09 13:22,2025-02-09 15:22
0.iiv751i4vd8,2025-02-09 13:22,2025-02-09 15:22
0.iiv751i4vd8,2025-02-09 13:22,2025-02-09 15:22
0.iiv751i4vd8,2025-02-09 13:22,2025-02-09 15:22
0.iiv751i4vd8,2025-02-09 13:22,2025-02-09 15:22
0.iiv751i4vd8,2025-02-09 13:22,2025-02-09 15:22
0.iiv751i4vd8,2025-02-09 13:22,2025-02-09 15:22
0.iiv751i4vd8,2025-02-09 13:22,2025-02-09 15:22
0.iiv751i4vd8,2025-02-09 13:22,2025-02-09 15:22
0.iiv751i4vd8,2025-02-09 13:22,2025-02-09 15:22
0.iiv751i4vd8,2025-02-09 13:22,2025-02-09 15:22
0.iiv751i4vd8,2025-02-09 13:22,2025-02-09 15:22
0.iiv751i4vd8,2025-02-09 13:22,2025-02-09 15:22
0.iiv751i4vd8,2025-02-09 13:22,2025-02-09 15:22
0.iiv751i4vd8,2025-02-09 13:22,2025-02-09 15:22
0.iiv751i4vd8,2025-02-09 13:22,2025-02-09 15:22
0.iiv751i4vd8,2025-02-09 13:22,2025-02-09 15:22
0.iiv751i4vd8,2025-02-09 13:22,2025-02-09 15:22
0.iiv751i4vd8,2025-02-09 13:22,2025-02-09 15:22
0.iiv751i4vd8,2025-02-09 13:22,2025-02-09 15:22
0.iiv751i4vd8,2025-02-09 13:22,2025-02-09 15:22
0.iiv751i4vd8,2025-02-09 13:22,2025-02-09 15:22
0.iiv751i4vd8,2025-02-09 13:22,2025-02-09 15:22
0.iiv751i4vd8,2025-02-09 13:22,2025-02-09 15:22
0.iiv751i4vd8,2025-02-09 13:22,2025-02-09 15:22
0.iiv751i4vd8,2025-02-09 13:22,2025-02-09 15:22
0.iiv751i4vd8,2025-02-09 13:22,2025-02-09 15:22
0.iiv751i4vd8,2025-02-09 13:22,2025-02-09 15:22
0.iiv751i4vd8,2025-02-09 13:22,2025-02-09 15:22
0.iiv751i4vd8,2025-02-09 13:22,2025-02-09 15:22
0.iiv751i4vd8,2025-02-09 13:22,2025-02-09 15:22
0.iiv751i4vd8,2025-02-09 13:22,2025-02-09 15:22
0.iiv751i4vd8,2025-02-09 13:22,2025-02-09 15:22
0.iiv751i4vd8,2025-02-09 13:22,2025-02-09 15:22
0.iiv751i4vd8,2025-02-09 13:22,2025-02-09 15:22
0.iiv751i4vd8,2025-02-09 13:22,2025-02-09 15:22
0.iiv751i4vd8,2025-02-09 13:22,2025-02-09 15:22
0.iiv751i4vd8,2025-02-09 13:22,2025-02-09 15:22
0.iiv751i4vd8,2025-02-09 13:22,2025-02-09 15:22
0.iiv751i4vd8,2025-02-09 13:22,2025-02-09 15:22
0.iiv751i4vd8,2025-02-09 13:22,2025-02-09 15:22
0.iiv751i4vd8,2025-02-09 13:22,2025-02-09 15:22
0.iiv751i4vd8,2025-02-09 13:22,2025-02-09 15:22
0.iiv751i4vd8,2025-02-09 13:22,2025-02-09 15:22
0.iiv751i4vd8,2025-02-09 13:22,2025-02-09 15:22
0.iiv751i4vd8,2025-02-09 13:22,2025-02-09 15:22
0.iiv751i4vd8,2025-02-09 13:22,2025-02-09 15:22
0.iiv751i4vd8,2025-02-09 13:22,2025-02-09 15:22
0.iiv751i4vd8,2025-02-09 13:22,2025-02-09 15:22
0.iiv751i4vd8,2025-02-09 13:22,2025-02-09 15:22
0.iiv751i4vd8,2025-02-09 13:22,2025-02-09 15:22
0.iiv751i4vd8,2025-02-09 13:22,2025-02-09 15:22
0.iiv751i4vd8,2025-02-09 13:22,2025-02-09 15:22
0.iiv751i4vd8,2025-02-09 13:22,2025-02-09 15:22
0.iiv751i4vd8,2025-02-09 13:22,2025-02-09 15:22
0.iiv751i4vd8,2025-02-09 13:22,2025-02-09 15:22
0.iiv751i4vd8,2025-02-09 13:22,2025-02-09 15:22
0.iiv751i4vd8,2025-02-09 13:22,2025-02-09 15:22
0.iiv751i4vd8,2025-02-09 13:22,2025-02-09 15:22
0.iiv751i4vd8,2025-02-09 13:22,2025-02-09 15:22
0.iiv751i4vd8,2025-02-09 13:22,2025-02-09 15:22
0.iiv751i4vd8,2025-02-09 13:22,2025-02-09 15:22
0.iiv751i4vd8,2025-02-09 13:22,2025-02-09 15:22
0.iiv751i4vd8,2025-02-09 13:22,2025-02-09 15:22
0.iiv751i4vd8,2025-02-09 13:22,2025-02-09 15:22
0.iiv751i4vd8,2025-02-09 13:22,2025-02-09 15:22
0.iiv751i4vd8,2025-02-09 13:22,2025-02-09 15:22
0.iiv751i4vd8,2025-02-09 13:22,2025-02-09 15:22
0.iiv751i4vd8,2025-02-09 13:22,2025-02-09 15:22
0.iiv751i4vd8,2025-02-09 13:22,2025-02-09 15:22
0.iiv751i4vd8,2025-02-09 13:22,2025-02-09 15:22
0.iiv751i4vd8,2025-02-09 13:22,2025-02-09 15:22
0.iiv751i4vd8,2025-02-09 13:22,2025-02-09 15:22
0.iiv751i4vd8,2025-02-09 13:22,2025-02-09 15:22
0.iiv751i4vd8,2025-02-09 13:22,2025-02-09 15:22
0.iiv751i4vd8,2025-02-09 13:22,2025-02-09 15:22
0.iiv751i4vd8,2025-02-09 13:22,2025-02-09 15:22
0.iiv751i4vd8,2025-02-09 13:22,2025-02-09 15:22
0.iiv751i4vd8,2025-02-09 13:22,2025-02-09 15:22
0.iiv751i4vd8,2025-02-09 13:22,2025-02-09 15:22
0.iiv751i4vd8,2025-02-09 13:22,2025-02-09 15:22
0.iiv751i4vd8,2025-02-09 13:22,2025-02-09 15:22
0.iiv751i4vd8,2025-02-09 13:22,2025-02-09 15:22
0.iiv751i4vd8,2025-02-09 13:22,2025-02-09 15:22
0.iiv751i4vd8,2025-02-09 13:22,2025-02-09 15:22
